caption,label
"Bánh bèo là một món bánh xuất thân từ Cố Đô Huế rất thịnh hành ở miền Trung, ngoài ra cũng phổ biến ở miền Nam Việt Nam. Bánh bèo đã trở thành một nét đẹp trong văn hóa ẩm thực của người dân Việt Nam từ bao đời nay. Tên bánh bèo có thể xuất phát từ hình dạng của nó: giống như cái lá của cây bèo. Bánh bèo là sự kết hợp của 3 yếu tố chính đó là bánh làm từ bột gạo, nhân để rắc lên bánh làm bằng tôm xay nhuyễn, và nước chấm. Nước chấm bánh bèo là một hỗn hợp với thành phần chính là nước mắm và thường đổ trực tiếp vào bánh chứ không cần chấm. Món bánh bèo trở nên hấp dẫn và có mùi vị hơn khi thêm mỡ hành, đậu phộng rang giã nhỏ. Tuỳ theo địa phương mà có những cách thêm bớt khác nhau cho món bánh này, ví dụ ở Sài Gòn thường bỏ đậu xanh, đồ chua, lại cho ăn kèm bánh đúc, bánh ít, bánh bột lọc. Ở miền Trung, bánh bèo thường được phân ra làm hai loại là bánh bèo Quảng Nam và bánh bèo Huế. Bánh bèo Quảng Nam thường là bánh to, dày, ăn với nhân là bột nấu nhão gồm có thịt, tôm băm, hẹ, khi ăn bỏ thêm ít hành phi, ớt băm. Bánh bèo Huế có khác chút ít, bánh mỏng hơn, có bột tôm sấy, khi ăn kèm theo da heo chiên giòn. Bánh bèo miền Trung đa phần đúc bằng chén (bánh bèo chén). Sang tới miền Nam thì bánh bèo có nhiều kiểu cách khác nhau, nhưng thường là ăn chung với nhiều loại bánh cũng như gia vị khác, làm cho hương vị đặc trưng của bánh bèo mất đi phần nào. Ở miền Nam, bánh bèo biến thể thành bánh bèo ngọt. Trong chế biến người ta trộn nước đường (thường là đường vàng hòa tan vô nước rồi nấu sôi lên để nguội) vào bột gạo, có thêm lá dứa cho thơm. Nhân bánh thường là đậu xanh nấu tán nhuyễn và bánh bèo ngọt miền Nam ăn với nước cốt dừa. Đây là một món bánh ăn vặt rẻ tiền, ngon và là ký ức tuổi thơ của người miền Nam.",0
"Bánh chưng (""chưng"" trong ""chưng cất"", nghĩa là hấp nước, nhưng thực tế bánh được nấu bằng cách luộc) là một loại bánh truyền thống của dân tộc Việt nhằm thể hiện lòng biết ơn của con cháu đối với cha ông với đất trời. Nguyên liệu làm bánh chưng gồm gạo nếp, đậu xanh, thịt lợn, lá dong. Bánh thường được làm vào các dịp Mùng 1 Tết Nguyên Đán của dân tộc Việt, cũng như ngày giỗ tổ Hùng Vương (mùng 10 tháng 3 âm lịch)  ",1
"Bánh cuốn, còn gọi là bánh mướt hay bánh ướt (khi không có nhân), là một món ăn làm từ bột gạo hấp tráng mỏng, cuộn tròn, bên trong có thể có nhân hành, thịt, mộc nhĩ hoặc không nhân. Trang Traveller - chuyên trang du lịch nổi tiếng của Australia - đã công bố danh sách 10 món ăn ngon và hấp dẫn nhất mà du khách nên thưởng thức trong năm 2023. Đặc biệt, món bánh cuốn của Việt Nam đã vinh dự góp mặt trong danh sách này. Theo Traveller, bánh cuốn là một món ăn có cách chế biến rất đặc biệt. Được làm từ bột gạo, bánh cuốn được tráng mỏng trên một miếng vải và hấp chín trong vài phút. Sau khi bánh chín, nó được cuốn với thịt lợn băm và mộc nhĩ, ăn kèm với rau thơm, hành phi và nước mắm chua ngọt. Trong danh sách 10 món ăn du khách nên thử trong năm 2023, ngoài bánh cuốn của Việt Nam còn có các món như: cá bơn nướng (Tây Ban Nha), bánh burger kiểu Oklahoma (Mỹ), Mole Negro (Mexico), các món ăn nhẹ của Sri Lanka, Sushi (Nhật Bản), Ragu Napoletano (Ý), Sarawak Laksa (Malaysia), xúc xích vịt Sanga (Úc), và Tahdig (Iran).  ",2
"Bánh đúc là một loại bánh của Việt Nam, thường được làm bằng bột gạo (tại miền Bắc và miền Trung) hoặc bột năng (miền Nam) với một số gia vị. Bánh được làm thành tấm to, khi ăn thì cắt nhỏ thành miếng tùy thích. Là món ăn dân dã thịnh hành khắp ba miền, bánh đúc ăn giòn, mát, mịn, no bụng mà lại dễ tiêu, dễ làm và giá thành cũng rất rẻ. Không chỉ được ăn như một thức quà quê, bữa ăn sáng mà điển hình là bánh đúc chấm tương, bánh đúc cũng có thể ăn kèm với canh riêu cua, rau thơm, mắm tôm, mật ong, mật mía, mứt trái cây và thậm chí cả cá kho, thịt kho tùy thích. Từ loại bánh đúc thuần túy chỉ được bằng bột gạo pha với nước vôi trong ngai ngái mùi vôi, bánh đúc cũng đã có nhiều biến tấu như bánh đúc cẩm thạch, bánh đúc lạc, bánh đúc dừa, bánh đúc ngô v.v.",3
"Bánh giò là một loại bánh được làm bằng bột gạo tẻ, bột năng hòa với nước xương hầm, nhân làm từ thịt nạc vai có kèm mộc nhĩ, hành tím khô, hành ta, hạt tiêu, nước mắm, muối, (ở Miền Nam nhân bánh còn có thêm trứng cút) Bánh giò có hình dài nhô cao như hình bàn tay úp khum khum với các ngón tay sát nhau, bánh được gói bằng lá chuối và hấp bằng chõ từ 30 đến 40 phút.",4
"Bánh mì là một loại baguette của Việt Nam với lớp vỏ ngoài giòn tan, ruột mềm, còn bên trong là phần nhân. Tùy theo văn hóa vùng miền hoặc sở thích cá nhân mà người ta có thể lựa chọn nhiều loại đồ ăn kèm khác nhau, ngoài ra tên gọi của bánh cũng phụ thuộc phần lớn vào những biến tấu ấy. Tuy nhiên, những phiên bản phổ biến nhất vẫn thường chứa chả lụa, thịt, cá hoặc thực phẩm chay, kèm theo một số nguyên liệu phụ khác như pa tê, bơ, rau, ớt, trứng và đồ chua. Bên cạnh đó, bánh còn có thể dùng chung với nhiều món ăn đa dạng, chẳng hạn như cá mòi, xíu mại hoặc thịt bò kho. Bánh mì được xem như một loại thức ăn nhanh bình dân phổ biến và thường được tiêu thụ vào bữa sáng hoặc bất kỳ bữa phụ nào trong ngày. Do có giá thành phù hợp nên bánh đã trở thành món ăn rất được nhiều người ưa chuộng. Về lịch sử, bánh mì có nguồn gốc từ bánh baguette do người Pháp đưa vào miền Nam Việt Nam từ thế kỷ 19. Trong những thập kỷ tiếp theo, bánh mì dần lan rộng ra khắp Việt Nam, tuy nhiên phổ biến nhất vẫn là ở Sài Gòn. Người Sài Gòn sau đó đã cải biên chiếc bánh baguette thành ổ bánh mì nhỏ và ngắn hơn, chỉ còn khoảng 30–40 cm, còn ruột bánh thì rỗng hơn để chứa được nhiều nhân, tương tự như món bánh mì kẹp ở phương Tây. Sau năm 1975, theo chân những cuộc di cư vượt biển của người Việt, bánh mì Việt Nam đã trở nên phổ biến ở nhiều quốc gia trên thế giới. Món ăn này gần như có mặt ở mọi đất nước có người Việt hải ngoại sinh sống vì nguyên liệu dễ tìm cũng như cách chế biến đơn giản, phù hợp với nền văn hóa địa phương. Trong cách gọi thông thường, người Mỹ Anh hóa từ ""bánh mì"" thành banh mi thay vì gọi là Vietnamese sandwich như những món ăn tương tự. Nhiều nhà phê bình lẫn giới mộ điệu, chẳng hạn như tờ The Guardian, đã đưa món bánh vào danh sách những loại bánh mì kẹp xuất sắc nhất toàn cầu. Bên cạnh đó, bánh mì Việt Nam còn là chủ đề chính của một số lễ hội, hội thảo cũng như trong các tác phẩm nghệ thuật. Ngoài ra, đây cũng là một trong những món ăn làm dấy lên tranh cãi về vấn đề an toàn thực phẩm ở Việt Nam cũng như một vài khu vực khác trên thế giới.",5
"Bánh pía (tiếng Trung: 朥饼; Bạch thoại tự: lâ-piáⁿ) là món bánh ngọt ngàn lớp có nhân và là bánh trung thu truyền thống xuất phát từ Triều Châu, Trung Quốc và được du nhập vào các khu phố người Hoa trên thế giới. Đặc biệt ở Đông Nam Á, nơi có Hoa Kiều cư ngụ là Malaysia, Indonesia, Philippines và Singapore. Ở Indonesia, bánh có tên gọi là Bakpia Pathok. Tại Việt Nam, bánh pía là một trong những đặc sản của Sóc Trăng, do người Hoa di cư vào miền Nam sáng tạo ra. Bánh pía được làm từ bột mì nhào mỡ nước từ heo. Vì lý do thương mại, người sản xuất thường dùng phẩm đỏ in tên hoặc nhãn hiệu của nơi làm bánh trực tiếp lên mặt bánh. Ngoài ra, thành phần nhân bánh, nguồn gốc xuất xứ cũng thường được in trực tiếp lên bánh.",6
"Bánh tét, có nơi gọi là bánh đòn, là một loại bánh trong ẩm thực của cả người Việt và một số dân tộc ít người ở miền Nam và miền Trung Việt Nam, là nét tương đồng của bánh chưng ở miền Bắc về nguyên liệu, cách nấu, chỉ khác về hình dáng và sử dụng lá chuối để gói thay vì lá dong, vì vậy nó cũng được sử dụng nhiều nhất trong dịp Tết Nguyên đán cổ truyền của dân tộc Việt Nam với vai trò không khác bánh chưng. Nhưng cũng có nhiều bánh tét nhân chuối hay đậu đen được làm hay là bán quanh năm. Ở các vùng trung du và miền núi phía Bắc như Bắc Ninh, Bắc Giang, Vĩnh Phúc, Hà Tây,... cũng có loại bánh tương tự có tên là bánh tày hoặc là bánh dài. Đây là loại bánh Tết thông dụng ở vùng cố đô Cổ Loa, Kinh Bắc, của các dân tộc ít người miền Bắc. Giáo sư Trần Quốc Vượng cho rằng bánh chưng cổ, nguyên thủy là hình tròn như bánh tét hay bánh tày còn bánh tét ra đời trong quá trình giao lưu văn hóa Việt-Chăm, người Việt tạo ra chiếc bánh Tét từ sự hình tượng hóa yếu tố Linga từ thần Siva người Chăm. Có truyền thuyết khác cho rằng mùa xuân năm 1789, Nguyễn Huệ tiến quân ra Bắc đánh quân Thanh. Lúc bấy giờ quân lính được nghỉ ngơi, ăn Tết. Trong số quân lính có một người lính được vợ gửi cho món bánh làm từ gạo nếp, nhân đậu xanh, hình dạng như bánh tét ngày nay. Anh lính mang bánh mời vua Quang Trung. Vua ăn thấy ngon bèn hỏi thăm về loại bánh này. Anh lính kể bánh do người vợ ở quê nhà làm gửi cho. Mỗi lần ăn bánh, anh càng thương, càng nhớ vợ nhiều hơn. Anh mắc chứng đau bụng nhưng khi ăn bánh này thì lại không thấy đau nữa. Nghe câu chuyện cảm động của anh lính, vua bèn ra lệnh cho mọi người gói loại bánh này để ăn Tết và đặt tên là bánh Tết. Lâu ngày tên bánh biến thành bánh Tét. Bánh tét có hình trụ dài nên còn được gọi là đòn bánh, hai đòn thường có một quai bánh chung bằng gân lá chuối tạo thành một cặp. Người ta còn làm bánh không có nhân thịt để có thể để được lâu hơn hoặc ăn chay với nhân có thể là chuối chín. Bánh được đánh giá là gói khéo khi bánh được làm tròn đều, buộc chặt, nhân bánh nằm chính giữa, có nghệ nhân còn gói nhân khi cắt ra có hình tam giác. Bánh tét ngày Tết thường để lâu được vài ngày, được nấu vào đêm giao thừa để những ngày Tết có thể dùng để ăn với dưa món và thịt kho. Đây thường là bánh tét nhân mặn với thịt, mỡ và đậu xanh, và dùng cho nhiều người ăn. Ngoài ra, còn có bánh tét nhân ngọt với nhân chuối hoặc đậu xanh, loại to dùng cho nhiều người ăn hoặc loại nhỏ dùng cho một người ăn.  ",7
"Bánh xèo là một loại bánh phổ biến ở châu Á, phiên bản bánh xèo của Nhật Bản và Triều Tiên có bột bên ngoài, bên trong có nhân là tôm, thịt, giá đỗ, kim chi, khoai tây, hẹ, (bánh xèo Triều Tiên); tôm, thịt, cải thảo (Nhật Bản) được rán màu vàng, đúc thành hình tròn hoặc gấp lại thành hình bán nguyệt. Tuỳ theo từng địa phương tại Việt Nam mà bánh được thưởng thức với nét đặc trưng riêng. Thường có 2 phương pháp chính: đổ bánh xèo giòn và bánh xèo dai. Ăn bằng hai cách: ăn bốc hoặc ăn bằng đũa.  ",8
"Bún bò Huế là một trong những đặc sản của thành phố Huế, mặc dù món bún này phổ biến trên cả ba miền ở Việt Nam và cả người Việt tại hải ngoại. Tại Thừa Thiên Huế, món này được gọi đơn giản là ""bún bò"" hoặc gọi cụ thể hơn là ""bún bò thịt bò"". Các địa phương khác gọi là ""bún bò Huế"", ""bún bò gốc Huế"" để chỉ xuất xứ của món ăn này. Bún bò chính gốc Huế có nguyên liệu chính là bún, thịt bắp bò, giò heo, cùng nước dùng có màu đỏ đặc trưng do ớt và vị sả và ruốc. Trong nước dùng của bún, người Huế thường nêm vào một ít mắm ruốc và sả cây, góp phần làm nên hương vị rất riêng của nồi bún bò Huế. Bún bò Huế được ăn với hành lá cắt nhỏ, hành tây cắt mỏng, chanh, nước mắm ngon dằm ớt trái và tương ớt kiểu Huế. Người Huế thuở xưa thường không ăn bún bò Huế với rau sống. Nếu có, thường là bắp chuối xắt mỏng, ít rau thơm (húng lủi) và rau răm. Bún bò Huế chính gốc không có thịt tái, chả heo, mà có giò heo, thịt bò bắp và gân bò; huyết và chả cua được thêm vào tùy theo từng hàng quán.  ",9
"Bún đậu mắm tôm là món ăn đơn giản, dân dã trong ẩm thực miền Bắc Việt Nam và có xuất xứ từ Hà Nội. Đây là món thường được dùng như bữa ăn nhẹ, ăn chơi, đôi khi là bữa tối chính. Thành phần chính gồm có bún tươi, đậu hũ chiên vàng, chả cốm, thịt luộc, nem chua, dồi, mắm tôm pha tắc, ớt và ăn kèm với các loại rau thơm như tía tô, kinh giới, rau húng, xà lách, cà pháo... Cũng như các món ăn dân gian khác, giá thành rẻ nên được nhiều người giới bình dân ăn nên thu nhập của những người buôn bán những món ăn này khá cao.",10
"Bún mắm là một trong số các món ăn đặc sản của miền tây Nam bộ Việt Nam. Bún mắm được nấu bằng mắm cá linh hay cá sặc, đây là các loại cá có nhiều tại miền Tây, đặc biệt là các tỉnh Trà Vinh và Sóc Trăng.",11
"Bún riêu cua là một món ăn truyền thống Việt Nam, có nguồn gốc từ vùng đồng bằng sông Hồng của Việt Nam, được biết đến rộng rãi trong nước và quốc tế. Món ăn này gồm bún (bún rối hoặc bún lá) và 'riêu cua'. Riêu cua là canh chua được nấu từ gạch cua, thịt cua giã và lọc cùng với quả dọc, cà chua, mỡ nước, giấm bỗng, nước mắm, muối, hành hoa. Bún riêu thường thêm chút mắm tôm để tăng thêm vị đậm đà, thường ăn kèm với rau sống. Đây là món ăn có vị chua thanh, ăn vào mùa hè rất mát nên được người Việt rất ưa thích. Trên các đường phố của Việt Nam có rất nhiều hàng quán bán bún riêu.",12
"Bún thịt nướng là một món ăn món ăn có nguồn gốc ở miền Nam Việt Nam, về sau đã phổ biến lan rộng tại nhiều nơi trên cả nước. Mỗi nơi đều có thể có cho mình một hương vị đặc trưng riêng tùy theo khẩu vị từng nơi. Món bún này có thể dùng làm điểm tâm, bữa chính hay bữa phụ đều phù hợp. Yêu cầu của món Bún thịt nướng là thịt được nướng vàng đều, có vị đậm đà cùng hương thơm của sả và vừng; nước mắm chua ngọt vừa ăn; và các loại rau dùng kèm đa dạng.",13
"Nguyễn Trường Tộ (chữ Hán: 阮長祚, 1830? – 1871), còn được gọi là Thầy Lân, là một danh sĩ, kiến trúc sư, và là nhà cải cách xã hội Việt Nam ở thế kỷ 19.",14
"Cơm tấm hay cơm sườn là một món cơm có xuất xứ từ Việt Nam, với thành phần chủ đạo gồm gạo tấm, thịt lợn nướng, trứng ốp la, nước mắm cùng nhiều nguyên liệu khác. Dù có nhiều tên gọi ở các vùng miền khác nhau, tuy nhiên nguyên liệu và cách thức chế biến của món ăn này lại gần như tương tự. Trong số đó, Sài Gòn được biết đến như một trong những địa danh nổi tiếng nhất gắn liền với món cơm tấm. Cơm tấm trước đây chủ yếu chỉ dùng cho bữa sáng, nhưng sau này người ta còn dùng trong cả bữa trưa lẫn bữa tối. Không chỉ phổ biến ở các hàng quán lề đường, ngày nay món ăn còn xuất hiện trong các nhà hàng, quán ăn sang trọng và trải dài rộng khắp trên lãnh thổ Việt Nam .",15
"Gỏi cuốn hay còn được gọi là Nem cuốn (Phương ngữ miền Bắc), là một món ăn khá phổ biến ở Việt Nam. Gỏi cuốn có xuất xứ từ Miền nam Việt Nam với tên gọi là gỏi cuốn - bằng các nguyên liệu gồm rau xà lách, húng quế, tía tô, tôm khô, rau thơm, thịt luộc, tôm tươi.. tất cả được cuộn trong vỏ bánh tráng. Gia vị dùng kèm là tương hột trộn với lạc rang giã nhỏ phi bằng dầu ăn với hành khô.... tất cả thái nhỏ và cuộn trong vỏ làm từ bột mì hoặc là tương ớt trộn với lạc rang giã nhỏ phi bằng dầu ăn với hành khô. Món ăn này phổ biển ở Việt Nam chủ yếu dùng bánh tráng được cuốn với nhiều thành phần khác nhau tùy từng vùng miền, thường dùng để khai vị hay ăn kèm cùng đồ uống như một món nhậu, được làm từ bánh tráng cuộn với các loại rau thơm, bún, và một số loại thịt như thịt bò, heo, vịt, tôm, cá, cua v.v. Các món ăn lấy bánh tráng để cuốn nhìn chung là một dạng chế biến món ăn thịnh hành khắp ba miền Bắc, Trung, Nam Việt Nam. Hầu như không có một công thức cố định cho các món dùng bánh tráng cuốn, bởi tùy địa phương, vùng miền, nguyên liệu dùng để cuốn có nhiều khác biệt.  ",16
"Hủ tiếu (bắt nguồn từ tiếng Triều Châu “粿條” guê2diou5, âm Hán Việt: quả điều), còn được viết là hủ tíu (trong phương ngữ tiếng Việt miền Nam tiếu đồng âm với tíu), là món ăn dùng chế phẩm gạo dạng sợi của người Triều Châu và người Mân Nam, có nhiều điểm tương tự như sa hà phấn của người Quảng Đông và bản điều của người Khách Gia, được truyền nhập tới nhiều vùng ở trong và ngoài nước Trung Quốc, trở thành món ăn thường gặp ở vùng Hoa Nam Trung Quốc và khu vực Đông Nam Á như ở miền Nam Việt Nam, Campuchia, Lào, Thái Lan, Singapore, v.v. Hủ tiếu phát triển rất mạnh ở miền Nam Việt Nam từ những năm 50, đặc biệt là tại Sài Gòn, rất dễ tìm thấy quán hủ tiếu trên đường phố hoặc xe hủ tiếu đẩy ở đầu hẻm. Có thể nói Hủ tiếu là món ăn đặc trưng tại đây, tương tự như phở ở Hà Nội hay bún bò tại Huế. Hủ tiếu thường là món ăn sáng hoặc ăn tối, người miền Nam ít ăn trưa với hủ tiếu. Nguyên liệu chính của món hủ tiếu là bánh hủ tiếu, nước dùng chính là với thịt bằm nhỏ, lòng heo nấu cùng. Sau đó trụng sơ bánh hủ tiếu với nước dùng, rồi cho các nguyên liệu phụ vào như giá đỗ, hẹ, thịt bằm vào. Có thể ăn với thịt bò viên và tương ớt, tương đen.",17
"Phở (chữ Nôm: 𬖾) là một món ăn truyền thống của Việt Nam, được xem là một trong những món ăn tiêu biểu cho nền ẩm thực Việt Nam. Thành phần chính của phở là bánh phở và nước dùng cùng với thịt bò hoặc thịt gà cắt lát mỏng, hành. Thịt bò thích hợp nhất để nấu phở là thịt, xương từ các giống bò ta (bò nội, bò vàng). Ngoài ra còn kèm theo các gia vị như: tương, tiêu, chanh, nước mắm, ớt, ... Những gia vị này được thêm vào tùy theo khẩu vị của người dùng. Phở thông thường được dùng để làm món điểm tâm buổi sáng hoặc lót dạ buổi đêm; nhưng ở các thành phố lớn, món ăn này có thể được thưởng thức cả ngày. Tại các tỉnh phía Nam Việt Nam và một số vùng miền khác, phở được bày kèm với đĩa rau thơm như hành, giá và những lá cây rau mùi, rau húng, trong đó ngò gai là loại lá đặc trưng của phở; tuy nhiên tại Hà Nội thông thường sẽ không có đĩa rau sống này. Phở thường là phở bò hay phở gà, nhưng đôi khi cũng có những biến thể khác, đặc biệt là phở sốt vang, phở khô, phở xào, phở chua, phở vịt ở Cao Bằng, và phở thịt quay ở các tỉnh miền núi phía Bắc. Nước dùng cho nồi phở thường là nước dùng trong được ninh từ xương bò (hoặc xương lợn), kèm theo nhiều loại gia vị bao gồm quế, hồi, gừng nướng, thảo quả, sá sùng, đinh hương, hạt mùi, hành khô nướng. Thịt dùng cho món phở là thịt bò (với đủ loại thịt bắp, nạm, gầu được làm tái, hay chín hẳn) hoặc thịt gà (gà ta già luộc, xé thịt cho thịt ngọt đậm đà). ""Bánh phở"" theo truyền thống là một loại mì gạo làm từ bột gạo, tráng thành tấm mỏng rồi cắt thành sợi. Phở luôn được thưởng thức khi còn nóng hổi. Theo đó, để có một bát phở ngon và đậm vị, điều này còn phụ thuộc rất nhiều vào kĩ năng của người nấu, trong đó quan trọng nhất đó chính là nồi nước dùng.",18
"Bánh bột lọc là một món ăn truyền thống của Việt Nam, có nguồn gốc từ Huế. Món bánh này phổ biến ở Hà Nội, Nam Định, các tỉnh miền Trung như Nghệ An, Đà Nẵng, và đặc biệt là Huế. Đây không chỉ là một món ăn vặt mà còn mang đậm giá trị văn hóa và lịch sử của người Việt.",19
"Bánh căn là một loại bánh phổ biến của Ninh Thuận, Bình  Thuận . Sau này được phát triển ở vùng Nam Trung Bộ, đặc biệt ở các tỉnh Khánh Hòa, Lâm Đồng, Bình Thuận. Bánh căn có hình dáng gần với bánh khọt ở các tỉnh phía Nam, nhưng cách làm hoàn toàn khác. Nếu như bánh khọt là loại bột gạo ""chiên"" (vì có dùng dầu mỡ) thì bánh căn là loại bột gạo ""nướng"". Làm bánh căn thường phải có khuôn đúc đặc biệt, thường làm bằng đất nung, và có nhiều lỗ tròn để đặt khuôn. Vì bánh căn nhỏ nên thường tính theo cặp chứ không theo cái, ở giữa có thể quét mỡ hành hoặc đổ trứng. Bánh căn thường ít được dọn cùng rau sống ăn lá, mà thường ăn kèm với xoài xanh, khế chua, dưa leo băm sợi. Nước chấm đi kèm theo thường là nước mắm pha loãng, tỏi, ớt... hoặc nước cá kho (thường là cá nục), khi dùng thường nhúng nguyên bánh vào nước chấm. Nước chấm có thể bỏ thêm xíu mại, mỡ hành để tăng thêm hương vị và dinh dưỡng.",20
"Bánh canh là một món ăn Việt Nam. Bánh canh có nguồn gốc từ Đông Nam Bộ, sau đó phổ biến khắp Việt Nam. Bánh canh bao gồm nước lèo được nấu từ tôm, cá và giò heo thêm gia vị tùy theo từng loại bánh canh. Sợi bánh canh có thể được làm từ bột gạo, bột mì, bột năng hoặc bột sắn hoặc bột gạo pha bột sắn. Bánh được làm từ bột được cán thành tấm và cắt ra thành sợi bự và ngắn hoặc se tròn thành cọng. Bánh được bỏ vào nồi nước dùng đã hầm vừa đủ độ và đợi cho chín tới. Gia vị cho bánh canh thay đổi tùy theo món bánh canh và theo khẩu vị mỗi vùng. Bánh canh có nhiều cách chế biến với cá đã róc xương, cua/ghẹ, bột lọc, chả cá, tôm/thịt nhưng phổ biến nhất là bánh canh giò heo.  ",21
"Bánh khọt là loại bánh Việt Nam (chính xác là loại bánh đặc trưng của miền nam Việt Nam. Làm từ bột gạo hoặc bột sắn, có nhân tôm, được chiên và ăn kèm với rau sống, ớt tươi, thường ăn với nước mắm pha ngọt, rất ít khi chấm nước sốt mắm tôm (không phải mắm tôm hay mắm tôm chua).",22
"Bánh tráng là một dạng bánh sử dụng nguyên liệu chính là tinh bột tráng mỏng phơi khô, khi ăn có thể nướng giòn (miền Bắc Việt Nam gọi là bánh đa nem, miền Trung gọi là bánh tráng nhúng, miền Nam gọi là bánh tráng ) hoặc nhúng qua nước để làm nem cuốn (miền Nam gọi là gỏi cuốn). Nó còn là nguyên liệu để làm một món ăn khác là nem (chả giò).",23
"Canh chua là tên gọi của những món ăn nhiều nước và có vị chua do được nấu bằng các nguyên liệu phối trộn với gia vị tạo chua. Là một món canh Việt Nam có nguồn gốc từ vùng đồng bằng sông Cửu Long ở Nam Bộ Việt Nam (miền Trung Việt Nam cũng có món canh chua riêng). Món này thường được làm từ cá từ đồng bằng sông Cửu Long, dứa, cà chua, giá đỗ và nước cốt me. Món này được trang trí bằng rau ngò gai, tỏi phi và hành lá thái nhỏ, cũng như các loại rau thơm khác, tùy theo loại canh chua cụ thể; các loại rau thơm khác này có thể bao gồm rau răm, ngò om và rau húng quế. Món này có thể được dùng riêng, với cơm trắng, bún hay thậm chí là mì gói. Các biến thể có thể bao gồm tôm, mực, sườn non, chả cá và trứng cút. Vị chua của cốt me, cà chua và dứa được trộn với một lượng nhỏ nước nóng; sau đó khuấy hỗn hợp trong vài phút để giải phóng hết tinh chất, và phần chất lỏng (trừ hạt me và các chất rắn khác, được loại bỏ) sau đó được thêm vào canh. Theo định nghĩa của Từ điển tiếng Việt thì riêu là món ăn lỏng nấu bằng cua hoặc cá với chất chua và gia vị. Do đó nguyên liệu chính để nấu canh chua là loại rau củ quả, các loại thịt hay thủy sản (cá, tôm, cua, ốc, hến, trai, sò) khác nhau, trong đó thường dùng một gia vị chua để tạo vị chua thơm ngon cho nước canh. Rất phổ biến các món canh chua sử dụng nguyên liệu chính là một loại thủy sản, hải sản, do chất tạo chua có tác dụng khử mùi vị tanh của nguyên liệu này. Cũng không hiếm khi canh chua chỉ là một tô nước luộc rau cho thêm chút nước cốt chanh, chút lá me hoặc lá giang hay vài quả sấu xanh.",24
"Cao lầu là một món mì ở Quảng Nam, Việt Nam. Đây được xem là món ăn đặc sản của thành phố Hội An. Món mì này có sợi mì màu vàng, được dùng với tôm, thịt xíu (xá xíu), các loại rau sống và rất ít nước dùng. Sợi mì màu vàng là do bột được hòa chung với tro từ một loại cây ở địa phương. Theo lịch sử ghi chép, cao lầu đã xuất hiện từ thế kỷ 17. Trong khoảng thời gian này, các thương nhân Trung Quốc và Nhật Bản thường xuyên lui tới cảng Hội An. Họ đã mang theo văn hóa ẩm thực riêng của nước họ, rồi dần dần tạo điều kiện cho món cao lầu ra đời - có thể được xem là sự pha trộn giữa nền ẩm thực Trung và Nhật. Chưa dừng lại ở đó, món cao lầu còn được biến tấu theo thời gian để hợp khẩu vị hơn đối với người Việt, rồi trở thành món ăn đặc sản của người dân miền Trung. Tên gọi “cao lầu” có nghĩa là món ăn cao lương mỹ vị và được thưởng thức ở trên lầu cao. Nói một cách khác, thực khách có thể vừa dùng món ăn, vừa ngắm được toàn bộ cảnh đẹp của phố phường Hội An ngay từ trên lầu cao.",25
"Cháo lòng là món cháo được nấu theo phương thức nấu cháo thông thường, trong sự kết hợp với nước dùng ngọt làm từ xương lợn hay nước luộc lòng lợn, và nguyên liệu chính cho bát cháo không thể thiếu các món phủ tạng lợn luộc, dồi. Cháo lòng tương đối phổ thông thậm chí khá bình dân trong ẩm thực Việt Nam, được bán rộng rãi tại các cửa hàng lòng lợn trong cả nước, tạo nên một bộ ba sản phẩm được ăn theo thứ tự trong bữa ăn là tiết canh, lòng lợn, cháo lòng, và thường kết hợp với rượu đế. Ở Hàn Quốc cũng có món cháo lòng có tên là soondaeguk (순대국). Các loại phổ biến nhất của sundae được làm bằng ruột lợn nhồi với lúa mạch, và tiết canh lợn, mặc dù một số biến thể cũng chứa tía tô, hành lá, tương đậu nành dạng sệt lên men, gạo nếp, kimchi, và đậu tương mầm. Đó là một món ăn đường phố nổi tiếng ở Bắc Triều Tiên và Hàn Quốc. Trong thực tế, có một khu phố gọi là Sundae Town trong Sillim-dong mà có nhiều nhà hàng chuyên sundae. Đôi khi nó bao gồm phần béo của ruột, gan, phổi, những mảnh sụn, và thịt của lợn.",26
Mì Quảng (tức là Mì của xứ Quảng) là một món ăn có nguồn gốc xuất xứ và cũng là đặc sản của tỉnh Quảng Nam.,27
"Nem chua (phương ngữ Bắc Bộ) hay nem (phương ngữ Trung Bộ và phương ngữ Nam Bộ) là một món ăn sử dụng thịt lợn, lợi dụng men của lá chuối (hoặc lá ổi, lá vông, lá sung v.v.) và thính gạo để ủ chín, có vị chua ngậy. Nổi tiếng ở Việt Nam như một sản vật phổ biến tại nhiều địa phương, tuy không rõ nem chua được người dân vùng nào làm ra đầu tiên. Cách chế biến nem có thể chia thành hai kiểu: Nem Miền Bắc có thể chế biến ăn sống cùng các loại lá đặc biệt; còn Nem Miền Trung (đặc biệt Thanh Hoá và Huế) được đóng gói và lên men trong một số loại lá, trong đó có lá chuối, lá ổi. Nem chua mỗi vùng đều có hương vị riêng: nem chua của Vĩnh Yên, làng Ước Lễ (Thanh Oai), Yên Mạc (Ninh Bình), Bình Lương (Hưng Yên), Bùi Xá (Bắc Ninh), làng Vẽ (Hà Nội), Quảng Yên (Quảng Ninh), Đại Từ (Thái Nguyên, thành phố Thanh Hóa, Đông Ba (Huế), Ninh Hòa, Lai Vung (Đồng Tháp), An Thọ (An Lão, Hải Phòng) v.v... Nổi tiếng nhất là nem chua Thanh Hóa.  ",28
"Xôi là một món ăn thông dụng được làm từ nguyên liệu chính là gạo nếp, đồ/hấp chín bằng hơi nước, thịnh hành trong ẩm thực của nhiều nước châu Á.  ",29
